VARIANT,VARIANTREV,DSREV,GRAALREV,BENCHMARK,GRAALDATA,JDKDATA
Oracle,8245f1c,78bf1d3,50da094850fb,Fibonacci-iter.sl,data/data_graal_20151027_23111445980263.csv,data/data_jdk_20151027_23111445980263.csv
Oracle,8245f1c,78bf1d3,50da094850fb,CallHeavy.sl,data/data_graal_20151027_23171445980674.csv,data/data_jdk_20151027_23171445980674.csv
Oracle,8245f1c,78bf1d3,50da094850fb,Vars.sl,data/data_graal_20151027_23391445981974.csv,data/data_jdk_20151027_23391445981974.csv
Oracle,8245f1c,78bf1d3,50da094850fb,Binary-Trees.sl,data/data_graal_20151027_23461445982366.csv,data/data_jdk_20151027_23461445982366.csv
Oracle,8245f1c,78bf1d3,50da094850fb,While.sl,data/data_graal_20151028_00151445984148.csv,data/data_jdk_20151028_00151445984148.csv
Oracle,8245f1c,78bf1d3,50da094850fb,Add.sl,data/data_graal_20151028_02171445991471.csv,data/data_jdk_20151028_02171445991471.csv
Oracle,8245f1c,78bf1d3,50da094850fb,Arithmetic.sl,data/data_graal_20151028_02241445991848.csv,data/data_jdk_20151028_02241445991848.csv
Oracle,8245f1c,78bf1d3,50da094850fb,Break.sl,data/data_graal_20151028_02301445992229.csv,data/data_jdk_20151028_02301445992229.csv
Oracle,8245f1c,78bf1d3,50da094850fb,Builtins.sl,data/data_graal_20151028_02361445992604.csv,data/data_jdk_20151028_02361445992604.csv
Oracle,8245f1c,78bf1d3,50da094850fb,Call.sl,data/data_graal_20151028_02421445992978.csv,data/data_jdk_20151028_02421445992978.csv
Oracle,8245f1c,78bf1d3,50da094850fb,Comparison.sl,data/data_graal_20151028_02491445993356.csv,data/data_jdk_20151028_02491445993356.csv
Oracle,8245f1c,78bf1d3,50da094850fb,Div.sl,data/data_graal_20151028_02551445993731.csv,data/data_jdk_20151028_02551445993731.csv
Oracle,8245f1c,78bf1d3,50da094850fb,FunctionLiteral.sl,data/data_graal_20151028_03011445994112.csv,data/data_jdk_20151028_03011445994112.csv
Oracle,8245f1c,78bf1d3,50da094850fb,Inlining.sl,data/data_graal_20151028_03081445994494.csv,data/data_jdk_20151028_03081445994494.csv
Oracle,8245f1c,78bf1d3,50da094850fb,Loop.sl,data/data_graal_20151028_03151445994934.csv,data/data_jdk_20151028_03151445994934.csv
Oracle,8245f1c,78bf1d3,50da094850fb,LoopCall.sl,data/data_graal_20151028_03211445995312.csv,data/data_jdk_20151028_03211445995312.csv
Oracle,8245f1c,78bf1d3,50da094850fb,LoopInvalidate.sl,data/data_graal_20151028_03281445995702.csv,data/data_jdk_20151028_03281445995702.csv
Oracle,8245f1c,78bf1d3,50da094850fb,LoopPolymorphic.sl,data/data_graal_20151028_03341445996097.csv,data/data_jdk_20151028_03341445996097.csv
Oracle,8245f1c,78bf1d3,50da094850fb,LoopPrint.sl,data/data_graal_20151028_03411445996494.csv,data/data_jdk_20151028_03411445996494.csv
Oracle,8245f1c,78bf1d3,50da094850fb,Mul.sl,data/data_graal_20151028_03471445996877.csv,data/data_jdk_20151028_03471445996877.csv
Oracle,8245f1c,78bf1d3,50da094850fb,Null.sl,data/data_graal_20151028_03541445997253.csv,data/data_jdk_20151028_03541445997253.csv
Oracle,8245f1c,78bf1d3,50da094850fb,Object.sl,data/data_graal_20151028_04001445997632.csv,data/data_jdk_20151028_04001445997632.csv
Oracle,8245f1c,78bf1d3,50da094850fb,String.sl,data/data_graal_20151028_04091445998156.csv,data/data_jdk_20151028_04091445998156.csv
Oracle,8245f1c,78bf1d3,50da094850fb,Sub.sl,data/data_graal_20151028_04171445998631.csv,data/data_jdk_20151028_04171445998631.csv
Oracle,8245f1c,78bf1d3,50da094850fb,Sum.sl,data/data_graal_20151028_04231445999022.csv,data/data_jdk_20151028_04231445999022.csv
DynSem,f5b63e6,7b99db2,3e8357b49024,Fibonacci-iter.sl,data/data_graal_20160224_15121456319532.csv,data/data_jdk_20160224_15121456319532.csv
DynSem,f5b63e6,7b99db2,3e8357b49024,CallHeavy.sl,data/data_graal_20160224_15151456319747.csv,data/data_jdk_20160224_15151456319747.csv
DynSem,f5b63e6,7b99db2,3e8357b49024,Vars.sl,data/data_graal_20160224_15541456322083.csv,data/data_jdk_20160224_15541456322083.csv
DynSem,f5b63e6,7b99db2,3e8357b49024,Binary-Trees.sl,data/data_graal_20160224_15561456322171.csv,data/data_jdk_20160224_15561456322171.csv
DynSem,f5b63e6,7b99db2,3e8357b49024,While.sl,data/data_graal_20160224_16221456323747.csv,data/data_jdk_20160224_16221456323747.csv
DynSem,f5b63e6,7b99db2,3e8357b49024,Add.sl,data/data_graal_20160224_16481456325339.csv,data/data_jdk_20160224_16481456325339.csv
DynSem,f5b63e6,7b99db2,3e8357b49024,Arithmetic.sl,data/data_graal_20160224_16491456325343.csv,data/data_jdk_20160224_16491456325343.csv
DynSem,f5b63e6,7b99db2,3e8357b49024,Break.sl,data/data_graal_20160224_16491456325347.csv,data/data_jdk_20160224_16491456325347.csv
DynSem,f5b63e6,7b99db2,3e8357b49024,Builtins.sl,data/data_graal_20160224_16491456325353.csv,data/data_jdk_20160224_16491456325353.csv
DynSem,f5b63e6,7b99db2,3e8357b49024,Call.sl,data/data_graal_20160224_16491456325357.csv,data/data_jdk_20160224_16491456325357.csv
DynSem,f5b63e6,7b99db2,3e8357b49024,Comparison.sl,data/data_graal_20160224_16491456325361.csv,data/data_jdk_20160224_16491456325361.csv
DynSem,f5b63e6,7b99db2,3e8357b49024,Div.sl,data/data_graal_20160224_16491456325366.csv,data/data_jdk_20160224_16491456325366.csv
DynSem,f5b63e6,7b99db2,3e8357b49024,FunctionLiteral.sl,data/data_graal_20160224_16491456325370.csv,data/data_jdk_20160224_16491456325370.csv
DynSem,f5b63e6,7b99db2,3e8357b49024,Inlining.sl,data/data_graal_20160224_16491456325373.csv,data/data_jdk_20160224_16491456325373.csv
DynSem,f5b63e6,7b99db2,3e8357b49024,Loop.sl,data/data_graal_20160224_16511456325468.csv,data/data_jdk_20160224_16511456325468.csv
DynSem,f5b63e6,7b99db2,3e8357b49024,LoopCall.sl,data/data_graal_20160224_16511456325474.csv,data/data_jdk_20160224_16511456325474.csv
DynSem,f5b63e6,7b99db2,3e8357b49024,LoopInvalidate.sl,data/data_graal_20160224_16521456325525.csv,data/data_jdk_20160224_16521456325525.csv
DynSem,f5b63e6,7b99db2,3e8357b49024,LoopPolymorphic.sl,data/data_graal_20160224_16521456325577.csv,data/data_jdk_20160224_16521456325577.csv
DynSem,f5b63e6,7b99db2,3e8357b49024,LoopPrint.sl,data/data_graal_20160224_16531456325627.csv,data/data_jdk_20160224_16531456325627.csv
DynSem,f5b63e6,7b99db2,3e8357b49024,Mul.sl,data/data_graal_20160224_16541456325653.csv,data/data_jdk_20160224_16541456325653.csv
DynSem,f5b63e6,7b99db2,3e8357b49024,Null.sl,data/data_graal_20160224_16541456325657.csv,data/data_jdk_20160224_16541456325657.csv
DynSem,f5b63e6,7b99db2,3e8357b49024,Object.sl,data/data_graal_20160224_16541456325661.csv,data/data_jdk_20160224_16541456325661.csv
DynSem,f5b63e6,7b99db2,3e8357b49024,String.sl,data/data_graal_20160224_16541456325666.csv,data/data_jdk_20160224_16541456325666.csv
DynSem,f5b63e6,7b99db2,3e8357b49024,Sub.sl,data/data_graal_20160224_16541456325670.csv,data/data_jdk_20160224_16541456325670.csv
DynSem,f5b63e6,7b99db2,3e8357b49024,Sum.sl,data/data_graal_20160224_16541456325674.csv,data/data_jdk_20160224_16541456325674.csv
DynSem,eed6f69,e92f5bb,3e8357b49024,Fibonacci-iter.sl,data/data_graal_20160224_17111456326662.csv,data/data_jdk_20160224_17111456326662.csv
DynSem,eed6f69,e92f5bb,3e8357b49024,CallHeavy.sl,data/data_graal_20160224_17141456326873.csv,data/data_jdk_20160224_17141456326873.csv
DynSem,eed6f69,e92f5bb,3e8357b49024,Vars.sl,data/data_graal_20160224_17461456328774.csv,data/data_jdk_20160224_17461456328774.csv
DynSem,eed6f69,e92f5bb,3e8357b49024,Binary-Trees.sl,data/data_graal_20160224_17471456328834.csv,data/data_jdk_20160224_17471456328834.csv
DynSem,eed6f69,e92f5bb,3e8357b49024,While.sl,data/data_graal_20160224_18071456330072.csv,data/data_jdk_20160224_18071456330072.csv
DynSem,eed6f69,e92f5bb,3e8357b49024,Add.sl,data/data_graal_20160224_18251456331134.csv,data/data_jdk_20160224_18251456331134.csv
DynSem,eed6f69,e92f5bb,3e8357b49024,Arithmetic.sl,data/data_graal_20160224_18251456331138.csv,data/data_jdk_20160224_18251456331138.csv
DynSem,eed6f69,e92f5bb,3e8357b49024,Break.sl,data/data_graal_20160224_18251456331142.csv,data/data_jdk_20160224_18251456331142.csv
DynSem,eed6f69,e92f5bb,3e8357b49024,Builtins.sl,data/data_graal_20160224_18251456331148.csv,data/data_jdk_20160224_18251456331148.csv
DynSem,eed6f69,e92f5bb,3e8357b49024,Call.sl,data/data_graal_20160224_18251456331151.csv,data/data_jdk_20160224_18251456331151.csv
DynSem,eed6f69,e92f5bb,3e8357b49024,Comparison.sl,data/data_graal_20160224_18251456331156.csv,data/data_jdk_20160224_18251456331156.csv
DynSem,eed6f69,e92f5bb,3e8357b49024,Div.sl,data/data_graal_20160224_18261456331160.csv,data/data_jdk_20160224_18261456331160.csv
DynSem,eed6f69,e92f5bb,3e8357b49024,FunctionLiteral.sl,data/data_graal_20160224_18261456331164.csv,data/data_jdk_20160224_18261456331164.csv
DynSem,eed6f69,e92f5bb,3e8357b49024,Inlining.sl,data/data_graal_20160224_18261456331168.csv,data/data_jdk_20160224_18261456331168.csv
DynSem,eed6f69,e92f5bb,3e8357b49024,Loop.sl,data/data_graal_20160224_18271456331239.csv,data/data_jdk_20160224_18271456331239.csv
DynSem,eed6f69,e92f5bb,3e8357b49024,LoopCall.sl,data/data_graal_20160224_18271456331244.csv,data/data_jdk_20160224_18271456331244.csv
DynSem,eed6f69,e92f5bb,3e8357b49024,LoopInvalidate.sl,data/data_graal_20160224_18281456331281.csv,data/data_jdk_20160224_18281456331281.csv
DynSem,eed6f69,e92f5bb,3e8357b49024,LoopPolymorphic.sl,data/data_graal_20160224_18281456331319.csv,data/data_jdk_20160224_18281456331319.csv
DynSem,eed6f69,e92f5bb,3e8357b49024,LoopPrint.sl,data/data_graal_20160224_18291456331356.csv,data/data_jdk_20160224_18291456331356.csv
DynSem,eed6f69,e92f5bb,3e8357b49024,Mul.sl,data/data_graal_20160224_18291456331373.csv,data/data_jdk_20160224_18291456331373.csv
DynSem,eed6f69,e92f5bb,3e8357b49024,Null.sl,data/data_graal_20160224_18291456331377.csv,data/data_jdk_20160224_18291456331377.csv
DynSem,eed6f69,e92f5bb,3e8357b49024,Object.sl,data/data_graal_20160224_18291456331381.csv,data/data_jdk_20160224_18291456331381.csv
DynSem,eed6f69,e92f5bb,3e8357b49024,String.sl,data/data_graal_20160224_18291456331385.csv,data/data_jdk_20160224_18291456331385.csv
DynSem,eed6f69,e92f5bb,3e8357b49024,Sub.sl,data/data_graal_20160224_18291456331389.csv,data/data_jdk_20160224_18291456331389.csv
DynSem,eed6f69,e92f5bb,3e8357b49024,Sum.sl,data/data_graal_20160224_18291456331393.csv,data/data_jdk_20160224_18291456331393.csv
DynSem,f92395b,e92f5bb,3e8357b49024,ControlFlowLoop.sl,,
